epoch,time,train/box_loss,train/seg_loss,train/cls_loss,train/dfl_loss,train/sem_loss,metrics/precision(B),metrics/recall(B),metrics/mAP50(B),metrics/mAP50-95(B),metrics/precision(M),metrics/recall(M),metrics/mAP50(M),metrics/mAP50-95(M),val/box_loss,val/seg_loss,val/cls_loss,val/dfl_loss,val/sem_loss,lr/pg0,lr/pg1,lr/pg2
1,106.688,2.01023,2.4655,18.4675,0.00994,3.03379,0.0847,0.71303,0.24974,0.11997,0.0309,0.16749,0.04348,0.01884,2.08648,3.49816,13.1196,0.01457,0,7.8961e-05,7.8961e-05,0.0803387
2,215.318,1.86903,1.85514,8.37154,0.00894,0.8744,0.58521,0.49906,0.52032,0.27898,0.55108,0.47247,0.49507,0.2267,1.76815,2.01655,7.88925,0.01034,0,0.000157912,0.000157912,0.0604177
3,365.641,1.76794,1.77657,7.01311,0.00814,0.70184,0.74114,0.57163,0.66061,0.40827,0.72138,0.55103,0.63722,0.38812,1.63646,1.70678,6.34648,0.00892,0,0.000235807,0.000235807,0.0404955
4,454.335,1.71828,1.7057,6.33889,0.00784,0.67403,0.65743,0.59818,0.65867,0.4305,0.6661,0.60217,0.63809,0.39224,1.56314,1.70416,6.16938,0.00848,0,0.000312646,0.000312646,0.0205724
5,511.328,1.63573,1.6546,5.78862,0.00736,0.61788,0.66006,0.66435,0.6606,0.45197,0.69891,0.60037,0.64581,0.40847,1.56243,1.7406,5.86924,0.00844,0,0.000388428,0.000388428,0.000648169
6,594.173,1.62076,1.60288,5.48196,0.00722,0.58254,0.69024,0.62242,0.68447,0.43549,0.70622,0.62907,0.66967,0.41209,1.65181,1.72996,5.93063,0.00889,0,0.0003868,0.0003868,0.0003868
7,739.663,1.62605,1.57942,5.31933,0.00715,0.58752,0.7325,0.62947,0.69956,0.45894,0.71381,0.6223,0.65653,0.4321,1.65106,1.72828,6.14865,0.00982,0,0.00038416,0.00038416,0.00038416
8,849.88,1.55706,1.56076,5.13381,0.00653,0.54893,0.75202,0.62682,0.70599,0.47269,0.75957,0.58701,0.66949,0.44153,1.50723,1.88333,5.57351,0.00812,0,0.00038152,0.00038152,0.00038152
9,931.786,1.54299,1.55847,4.94707,0.0062,0.53693,0.66538,0.65629,0.65958,0.45281,0.70406,0.62232,0.64991,0.43342,1.53816,1.76193,6.3966,0.00835,0,0.00037888,0.00037888,0.00037888
10,1016.84,1.52554,1.56463,4.67535,0.00637,0.54728,0.70765,0.67497,0.70086,0.45256,0.69476,0.6355,0.66703,0.45035,1.59795,1.69701,5.61368,0.00827,0,0.00037624,0.00037624,0.00037624
11,1121.54,1.48185,1.49723,4.46192,0.0062,0.5325,0.74632,0.63184,0.68883,0.48571,0.78013,0.6122,0.67442,0.44395,1.51348,1.79631,5.52545,0.00809,0,0.0003736,0.0003736,0.0003736
12,1209.25,1.47764,1.47141,4.45724,0.006,0.52775,0.76813,0.64004,0.69389,0.45719,0.74298,0.62432,0.65854,0.43958,1.55265,1.71642,6.00502,0.00819,0,0.00037096,0.00037096,0.00037096
13,1314.74,1.43565,1.47447,4.2894,0.0058,0.52498,0.81471,0.64105,0.72137,0.48749,0.77629,0.626,0.68191,0.45305,1.50747,1.9165,5.34654,0.00793,0,0.00036832,0.00036832,0.00036832
14,1398.01,1.4005,1.42238,4.16562,0.00575,0.49965,0.73771,0.64367,0.71546,0.50042,0.71659,0.61172,0.67177,0.44944,1.50122,1.77475,5.51644,0.008,0,0.00036568,0.00036568,0.00036568
15,1498.08,1.41522,1.40245,4.07926,0.00592,0.4886,0.74637,0.64394,0.70316,0.46606,0.70077,0.63559,0.66577,0.43709,1.5014,1.7691,5.85599,0.0083,0,0.00036304,0.00036304,0.00036304
16,1596.9,1.40555,1.43949,4.11756,0.00568,0.50499,0.70964,0.6551,0.70275,0.50549,0.69946,0.64794,0.67546,0.45964,1.46582,1.91622,5.90929,0.00751,0,0.0003604,0.0003604,0.0003604
17,1696.12,1.37309,1.40669,3.99292,0.00565,0.51858,0.73409,0.66763,0.7055,0.5028,0.70972,0.64934,0.67501,0.43689,1.41048,1.81881,5.81281,0.00758,0,0.00035776,0.00035776,0.00035776
18,1776.1,1.37247,1.43358,3.93166,0.00541,0.48529,0.83569,0.6217,0.71328,0.50497,0.78511,0.60674,0.68312,0.45107,1.47481,1.92806,5.77434,0.00785,0,0.00035512,0.00035512,0.00035512
19,1871.92,1.32945,1.35146,3.68216,0.00537,0.46902,0.81727,0.64656,0.70346,0.49385,0.72106,0.63715,0.67083,0.44906,1.52116,1.764,5.95459,0.00854,0,0.00035248,0.00035248,0.00035248
20,1994.53,1.32993,1.33598,3.62247,0.00532,0.46384,0.71672,0.65472,0.69601,0.5037,0.71918,0.64116,0.67901,0.46728,1.46874,1.87853,6.05486,0.008,0,0.00034984,0.00034984,0.00034984
21,2116.12,1.32081,1.36213,3.48286,0.00511,0.45916,0.73552,0.66546,0.7088,0.5176,0.71292,0.62703,0.67569,0.46408,1.43409,1.97631,6.04907,0.00775,0,0.0003472,0.0003472,0.0003472
22,2207.02,1.34436,1.39284,3.62239,0.00524,0.4731,0.7846,0.6805,0.73429,0.52642,0.74433,0.65552,0.69011,0.45374,1.4402,1.83847,5.35113,0.00749,0,0.00034456,0.00034456,0.00034456
23,2331.7,1.29873,1.3294,3.47528,0.00496,0.45704,0.75449,0.67567,0.71369,0.52449,0.71936,0.6584,0.68688,0.449,1.37023,1.90887,5.56488,0.00707,0,0.00034192,0.00034192,0.00034192
24,2425.2,1.29593,1.33637,3.51532,0.00498,0.46497,0.76207,0.6206,0.6875,0.4802,0.68076,0.63047,0.65675,0.43322,1.52349,1.81012,6.11404,0.00829,0,0.00033928,0.00033928,0.00033928
25,2511.09,1.26426,1.25581,3.15255,0.00493,0.45326,0.71839,0.68451,0.69224,0.49348,0.68163,0.65137,0.65299,0.44587,1.51949,1.79644,6.3651,0.00842,0,0.00033664,0.00033664,0.00033664
26,2589.14,1.26869,1.28793,3.21829,0.00503,0.4493,0.78455,0.67707,0.72846,0.53077,0.72401,0.63842,0.68024,0.46044,1.3803,1.82304,5.94155,0.00681,0,0.000334,0.000334,0.000334
27,2713.18,1.28637,1.29951,3.2558,0.00498,0.44292,0.81249,0.62767,0.7209,0.52569,0.76156,0.5998,0.68064,0.4596,1.41472,1.83927,5.93941,0.00725,0,0.00033136,0.00033136,0.00033136
28,2789.06,1.27231,1.27203,3.08232,0.00482,0.4306,0.74737,0.67917,0.70578,0.52661,0.70339,0.65736,0.66383,0.45582,1.4016,1.83966,5.96744,0.00733,0,0.00032872,0.00032872,0.00032872
29,2877.9,1.26873,1.28724,3.107,0.0048,0.44145,0.76267,0.6671,0.72997,0.5285,0.73022,0.63885,0.68229,0.45684,1.47533,1.76297,5.81134,0.00784,0,0.00032608,0.00032608,0.00032608
30,2985.67,1.30554,1.31755,3.14187,0.00482,0.44405,0.76448,0.65456,0.7075,0.49866,0.72127,0.6751,0.68325,0.45937,1.49615,1.76089,5.75442,0.00768,0,0.00032344,0.00032344,0.00032344
31,3075.63,1.25281,1.24056,3.017,0.0047,0.41719,0.78853,0.66313,0.7288,0.54281,0.74605,0.63684,0.68684,0.46387,1.43369,1.80484,5.93945,0.00728,0,0.0003208,0.0003208,0.0003208
32,3146.55,1.24054,1.2125,3.11503,0.00499,0.44527,0.71189,0.66478,0.68562,0.49887,0.69915,0.66588,0.66837,0.45402,1.47853,1.75804,6.60342,0.00848,0,0.00031816,0.00031816,0.00031816
33,3255.36,1.24521,1.2305,2.95609,0.00475,0.43442,0.77247,0.66076,0.71304,0.52149,0.69796,0.64224,0.66919,0.44714,1.43018,1.84191,5.89511,0.00746,0,0.00031552,0.00031552,0.00031552
34,3333.93,1.20411,1.18748,2.84705,0.0045,0.42376,0.81886,0.64343,0.71684,0.5211,0.77096,0.62803,0.6771,0.46732,1.40494,1.8411,6.16166,0.00737,0,0.00031288,0.00031288,0.00031288
35,3425.2,1.2184,1.22195,2.82182,0.00463,0.43699,0.76787,0.65819,0.70772,0.51616,0.75259,0.64162,0.68565,0.46234,1.46527,1.7509,6.03749,0.00758,0,0.00031024,0.00031024,0.00031024
36,3527.54,1.19237,1.17981,2.7715,0.00468,0.43154,0.78612,0.61468,0.71085,0.50448,0.70019,0.67069,0.68441,0.46176,1.47832,1.7553,6.00209,0.00751,0,0.0003076,0.0003076,0.0003076
37,3618.81,1.21056,1.20503,2.8225,0.00449,0.41841,0.75135,0.67817,0.71237,0.51774,0.71843,0.65008,0.67633,0.4644,1.42977,1.82297,5.98569,0.00718,0,0.00030496,0.00030496,0.00030496
38,3700.83,1.17027,1.19387,2.78321,0.00442,0.41011,0.75092,0.67598,0.71604,0.52445,0.72213,0.65518,0.68243,0.46701,1.47064,1.82037,5.80041,0.0076,0,0.00030232,0.00030232,0.00030232
39,3795.57,1.17154,1.17257,2.67891,0.00421,0.40553,0.78376,0.65845,0.71387,0.52052,0.74108,0.64297,0.68136,0.46353,1.46412,1.91866,5.99696,0.00757,0,0.00029968,0.00029968,0.00029968
40,3864.94,1.15253,1.16912,2.63682,0.00425,0.40941,0.70995,0.67085,0.69893,0.52187,0.73926,0.63286,0.67881,0.46603,1.40447,1.87796,6.20638,0.00739,0,0.00029704,0.00029704,0.00029704
41,3950.57,1.1637,1.1738,2.63987,0.00436,0.42446,0.70384,0.66421,0.69891,0.51868,0.67515,0.67513,0.67442,0.46675,1.47406,1.90857,6.36249,0.00788,0,0.0002944,0.0002944,0.0002944
42,4039.34,1.14626,1.1471,2.62312,0.00435,0.39939,0.72548,0.66077,0.70248,0.5215,0.71768,0.66449,0.68805,0.4706,1.46568,1.77308,6.07118,0.00743,0,0.00029176,0.00029176,0.00029176
43,4133.11,1.1219,1.10458,2.52605,0.00426,0.40119,0.75985,0.65117,0.69414,0.51117,0.74134,0.63949,0.68496,0.46574,1.51465,1.76465,6.4799,0.00805,0,0.00028912,0.00028912,0.00028912
44,4232.29,1.15289,1.15056,2.54225,0.00437,0.41047,0.74205,0.69553,0.71404,0.53202,0.78033,0.65321,0.68914,0.46424,1.4489,1.74913,6.30829,0.0075,0,0.00028648,0.00028648,0.00028648
45,4325.51,1.13773,1.13232,2.53753,0.00425,0.39737,0.80231,0.63316,0.7058,0.53571,0.78298,0.62564,0.68666,0.46075,1.44317,1.85709,5.94476,0.00744,0,0.00028384,0.00028384,0.00028384
46,4422.39,1.12462,1.11947,2.52195,0.00425,0.40588,0.77607,0.68956,0.74129,0.54382,0.81104,0.63403,0.6997,0.47284,1.46004,1.87017,5.51953,0.00741,0,0.0002812,0.0002812,0.0002812
47,4495,1.13768,1.12694,2.46796,0.00435,0.40132,0.80205,0.62648,0.71855,0.53811,0.75071,0.64639,0.68886,0.45145,1.46453,1.81578,5.8244,0.0076,0,0.00027856,0.00027856,0.00027856
48,4579.91,1.11251,1.12539,2.36027,0.00407,0.39282,0.72689,0.67586,0.70994,0.54073,0.7353,0.65906,0.69188,0.47762,1.44312,1.77491,5.95386,0.00743,0,0.00027592,0.00027592,0.00027592
49,4659.09,1.14176,1.12939,2.50363,0.0042,0.3959,0.76426,0.68419,0.73166,0.53791,0.7636,0.67535,0.70475,0.47439,1.46008,1.80673,5.82949,0.00749,0,0.00027328,0.00027328,0.00027328
50,4758.99,1.13012,1.13111,2.43893,0.00401,0.39293,0.75188,0.69477,0.71867,0.54131,0.79405,0.63736,0.68859,0.45957,1.44887,1.87475,5.96486,0.00736,0,0.00027064,0.00027064,0.00027064
51,4826.84,1.10343,1.12669,2.37426,0.00403,0.40808,0.77368,0.66286,0.70913,0.52683,0.74156,0.67563,0.69014,0.45783,1.46433,2.06915,6.29105,0.00749,0,0.000268,0.000268,0.000268
52,4900.37,1.07778,1.07952,2.29202,0.00396,0.38053,0.76599,0.6872,0.71461,0.53734,0.71723,0.67736,0.68209,0.47996,1.44906,1.93005,5.9389,0.00731,0,0.00026536,0.00026536,0.00026536
53,4992.75,1.06271,1.04917,2.27555,0.00387,0.38016,0.74579,0.67979,0.70758,0.53069,0.76514,0.65269,0.6988,0.46908,1.45967,1.99752,5.99892,0.00745,0,0.00026272,0.00026272,0.00026272
54,5109.68,1.06713,1.08315,2.27373,0.00383,0.3882,0.79197,0.65894,0.71799,0.52875,0.80543,0.63013,0.69572,0.46152,1.49451,1.90764,6.15407,0.00804,0,0.00026008,0.00026008,0.00026008
55,5195.07,1.08474,1.06714,2.28311,0.00402,0.39426,0.76902,0.66642,0.71834,0.5488,0.75048,0.67723,0.70711,0.4661,1.41282,1.84675,5.94882,0.00714,0,0.00025744,0.00025744,0.00025744
56,5268.38,1.0708,1.06974,2.2577,0.00391,0.39303,0.77554,0.69621,0.73459,0.54818,0.76148,0.66077,0.70297,0.4713,1.40347,1.92343,6.10411,0.00709,0,0.0002548,0.0002548,0.0002548
57,5351.05,1.07126,1.07187,2.29041,0.00397,0.38672,0.77555,0.66566,0.71997,0.5495,0.76708,0.66662,0.69225,0.47489,1.44461,2.0121,6.21595,0.00755,0,0.00025216,0.00025216,0.00025216
58,5455.25,1.10089,1.11333,2.28247,0.00386,0.37836,0.75631,0.67528,0.71943,0.53762,0.76325,0.65562,0.69909,0.46682,1.41905,2.10883,5.87537,0.00745,0,0.00024952,0.00024952,0.00024952
59,5600.27,1.03609,1.02148,2.1822,0.0039,0.3791,0.7648,0.68026,0.71398,0.55108,0.71946,0.68343,0.69439,0.47703,1.45708,1.83572,5.97655,0.00749,0,0.00024688,0.00024688,0.00024688
60,5660.91,1.04113,1.01249,2.13902,0.0037,0.36291,0.74289,0.70458,0.7139,0.54287,0.75429,0.64564,0.67703,0.46889,1.43542,1.96369,6.26785,0.00754,0,0.00024424,0.00024424,0.00024424
61,5723.61,1.03439,1.07136,2.18455,0.00358,0.3806,0.76667,0.67078,0.70955,0.53511,0.76284,0.67447,0.70216,0.46291,1.442,1.99847,5.98633,0.00736,0,0.0002416,0.0002416,0.0002416
62,5817.35,1.03589,1.04075,2.2398,0.00386,0.38296,0.7934,0.65307,0.71514,0.54227,0.7592,0.62682,0.67763,0.46452,1.47827,2.21435,6.48646,0.0074,0,0.00023896,0.00023896,0.00023896
63,5907.12,1.04437,1.0396,2.27362,0.00373,0.37326,0.80655,0.68281,0.7237,0.54767,0.77308,0.64988,0.69206,0.47656,1.45248,2.12985,5.62844,0.00709,0,0.00023632,0.00023632,0.00023632
64,5993.12,1.04058,1.06316,2.18934,0.00374,0.38266,0.78194,0.68676,0.71704,0.53603,0.7454,0.67371,0.69037,0.4652,1.42525,1.83447,5.9944,0.00727,0,0.00023368,0.00023368,0.00023368
65,6065.18,1.03166,1.03638,2.21682,0.00367,0.37036,0.77189,0.68904,0.72371,0.54565,0.79702,0.65404,0.70521,0.47764,1.42099,1.86403,6.31967,0.00706,0,0.00023104,0.00023104,0.00023104
66,6163.63,1.02739,1.05933,2.16588,0.00369,0.36994,0.74715,0.69579,0.7186,0.54384,0.72657,0.68131,0.69372,0.46677,1.41766,1.93548,6.42737,0.00723,0,0.0002284,0.0002284,0.0002284
67,6239.42,1.01544,1.01434,2.07218,0.00368,0.37194,0.74934,0.66822,0.70482,0.53989,0.73213,0.64607,0.67614,0.47448,1.43,1.94537,6.3045,0.00742,0,0.00022576,0.00022576,0.00022576
68,6365.07,1.01107,1.02056,2.11437,0.0035,0.3634,0.74284,0.68199,0.71155,0.54737,0.73612,0.63883,0.67704,0.46198,1.43055,2.07617,6.46054,0.00727,0,0.00022312,0.00022312,0.00022312
69,6442.75,1.02102,1.02738,2.12157,0.00356,0.36879,0.75507,0.70672,0.71189,0.53714,0.72894,0.68232,0.6879,0.4586,1.44735,2.03569,6.32577,0.00738,0,0.00022048,0.00022048,0.00022048
70,6536.39,0.9932,1.00251,1.95548,0.00352,0.37181,0.79166,0.67387,0.72331,0.55039,0.76987,0.66224,0.69968,0.47279,1.42039,1.85786,6.24593,0.00709,0,0.00021784,0.00021784,0.00021784
71,6630.13,1.00398,1.01259,2.06175,0.00367,0.36633,0.7368,0.6931,0.70907,0.53877,0.70788,0.67966,0.68082,0.46788,1.4361,1.9354,6.13211,0.00766,0,0.0002152,0.0002152,0.0002152
72,6704.45,0.9943,0.98793,2.09577,0.00351,0.36352,0.74998,0.6822,0.71458,0.53632,0.72373,0.67396,0.68109,0.46792,1.3976,1.817,6.21277,0.00717,0,0.00021256,0.00021256,0.00021256
73,6805.52,0.98893,0.99671,1.9603,0.00354,0.36034,0.74997,0.7007,0.71084,0.53039,0.72555,0.67645,0.67609,0.45606,1.48819,2.02583,6.35876,0.00793,0,0.00020992,0.00020992,0.00020992
74,6874.38,0.99858,0.98881,2.03712,0.00349,0.3658,0.74137,0.68819,0.71078,0.53041,0.71773,0.67725,0.67523,0.47162,1.46935,2.02595,6.20572,0.00757,0,0.00020728,0.00020728,0.00020728
75,6993.71,0.99021,0.98944,1.99167,0.0035,0.35954,0.73898,0.71349,0.72253,0.54303,0.72357,0.69023,0.68427,0.46912,1.43157,2.04295,6.24556,0.00743,0,0.00020464,0.00020464,0.00020464
76,7092.68,0.97953,0.98531,1.90808,0.00328,0.3557,0.76851,0.65034,0.69571,0.52771,0.7726,0.63996,0.68332,0.47572,1.46407,2.03944,6.55776,0.00778,0,0.000202,0.000202,0.000202
77,7176.37,0.96639,0.99166,1.90258,0.0033,0.35951,0.74154,0.68065,0.70296,0.53545,0.68589,0.68864,0.67821,0.46528,1.45397,2.02911,6.38575,0.00752,0,0.00019936,0.00019936,0.00019936
78,7275.77,0.95865,0.99734,1.95174,0.00325,0.35504,0.75047,0.6715,0.71012,0.5448,0.71753,0.6626,0.68489,0.47343,1.44465,2.03558,6.4552,0.00764,0,0.00019672,0.00019672,0.00019672
79,7349.17,0.91429,0.93188,1.81312,0.00332,0.36114,0.74215,0.68383,0.72854,0.55468,0.71659,0.6673,0.68909,0.48109,1.41991,2.03333,6.11987,0.00756,0,0.00019408,0.00019408,0.00019408
80,7453.45,0.96843,0.99034,1.93574,0.00321,0.3666,0.7764,0.6638,0.71739,0.54644,0.75118,0.65171,0.68699,0.47989,1.47601,2.15266,5.87439,0.00759,0,0.00019144,0.00019144,0.00019144
81,7520.31,0.95087,0.93527,1.92475,0.00343,0.35944,0.76546,0.65513,0.70607,0.53952,0.73285,0.64912,0.67246,0.46509,1.47238,2.14536,6.14923,0.00779,0,0.0001888,0.0001888,0.0001888
82,7599.22,0.92894,0.94575,1.83375,0.00331,0.35351,0.76319,0.67714,0.71332,0.54725,0.74503,0.66666,0.68762,0.47095,1.42001,1.92055,6.04574,0.0073,0,0.00018616,0.00018616,0.00018616
83,7720.39,0.93799,0.93409,1.85745,0.00318,0.34653,0.69391,0.6924,0.70582,0.55097,0.70583,0.70425,0.69933,0.47495,1.44714,2.08548,5.92209,0.00749,0,0.00018352,0.00018352,0.00018352
84,7801.93,0.91826,0.90303,1.73288,0.00307,0.35782,0.76626,0.66185,0.70958,0.53247,0.75061,0.65476,0.69475,0.46512,1.49244,1.91267,6.37966,0.00786,0,0.00018088,0.00018088,0.00018088
85,7905.02,0.94495,0.99334,1.83575,0.00316,0.36007,0.7579,0.67607,0.71707,0.55019,0.74041,0.65644,0.681,0.47443,1.45809,2.0519,5.67633,0.00784,0,0.00017824,0.00017824,0.00017824
86,7995.72,0.94518,0.97427,1.90275,0.00336,0.34986,0.74515,0.69144,0.70956,0.53554,0.73167,0.67786,0.68687,0.46427,1.45815,1.84599,6.30639,0.00772,0,0.0001756,0.0001756,0.0001756
87,8068.16,0.95066,0.92486,1.91758,0.00349,0.35268,0.74454,0.67569,0.70813,0.54205,0.73477,0.65109,0.68301,0.46074,1.45783,2.06306,6.34214,0.00804,0,0.00017296,0.00017296,0.00017296
88,8196.01,0.91635,0.91875,1.79867,0.00318,0.3562,0.80193,0.6821,0.71746,0.55587,0.7721,0.66555,0.68164,0.47219,1.39926,2.02338,6.37506,0.00718,0,0.00017032,0.00017032,0.00017032
89,8285.74,0.91076,0.93694,1.76966,0.00318,0.34511,0.77179,0.68089,0.71637,0.53974,0.74692,0.664,0.68314,0.46682,1.46424,2.081,6.04547,0.00765,0,0.00016768,0.00016768,0.00016768
90,8407.4,0.92328,0.93936,1.81669,0.00323,0.36104,0.77531,0.6492,0.72043,0.54279,0.74053,0.63895,0.68703,0.4774,1.46253,2.08735,6.22183,0.00766,0,0.00016504,0.00016504,0.00016504
91,8479.13,0.91243,0.94166,1.80069,0.00321,0.36558,0.73832,0.66851,0.70387,0.5311,0.75359,0.63862,0.67544,0.47607,1.49381,2.27851,6.21909,0.00796,0,0.0001624,0.0001624,0.0001624
92,8562.89,0.92333,0.93211,1.81136,0.00336,0.35459,0.77505,0.67598,0.70695,0.53957,0.76701,0.66543,0.68085,0.46785,1.46735,2.13142,6.22575,0.00748,0,0.00015976,0.00015976,0.00015976
93,8654.46,0.91108,0.91969,1.74135,0.00317,0.33847,0.6966,0.69088,0.69264,0.53656,0.75317,0.63388,0.6727,0.45406,1.49223,2.30962,6.12783,0.00803,0,0.00015712,0.00015712,0.00015712
94,8731.63,0.88329,0.89648,1.70326,0.00303,0.34136,0.76543,0.65672,0.70671,0.54167,0.76074,0.63256,0.67071,0.46894,1.43786,2.17861,6.31567,0.00744,0,0.00015448,0.00015448,0.00015448
95,8812.7,0.90052,0.93918,1.78836,0.00303,0.34771,0.78376,0.6735,0.72402,0.55471,0.76219,0.65075,0.68725,0.47911,1.39425,2.07538,5.90451,0.00705,0,0.00015184,0.00015184,0.00015184
96,8900.27,0.85822,0.8698,1.67829,0.00286,0.33608,0.75034,0.68764,0.71866,0.53927,0.71751,0.6575,0.67766,0.47137,1.42336,2.00657,6.14601,0.0072,0,0.0001492,0.0001492,0.0001492
97,8968.27,0.87116,0.88617,1.68966,0.003,0.33532,0.75623,0.67753,0.71441,0.53859,0.72555,0.65078,0.67954,0.46879,1.48215,2.08967,5.9965,0.00766,0,0.00014656,0.00014656,0.00014656
98,9084.36,0.8791,0.90362,1.71786,0.00305,0.34546,0.71943,0.71882,0.71471,0.54116,0.71515,0.67332,0.67516,0.46019,1.45167,2.10139,5.8588,0.00729,0,0.00014392,0.00014392,0.00014392
99,9181.39,0.85776,0.86991,1.65384,0.00291,0.34127,0.7735,0.65892,0.71397,0.55559,0.72315,0.66948,0.69028,0.46877,1.45711,2.17469,5.92824,0.00745,0,0.00014128,0.00014128,0.00014128
100,9272.39,0.87279,0.90975,1.67489,0.00285,0.34037,0.79513,0.67401,0.72914,0.55854,0.77188,0.66389,0.69645,0.47539,1.45015,2.12545,5.92919,0.00738,0,0.00013864,0.00013864,0.00013864
101,9357.12,0.84693,0.8833,1.64775,0.00296,0.33475,0.72111,0.7101,0.72556,0.55335,0.74439,0.65251,0.68327,0.48314,1.47521,2.09811,5.85134,0.00765,0,0.000136,0.000136,0.000136
102,9445.83,0.85557,0.86919,1.57757,0.00287,0.33902,0.78887,0.65556,0.71972,0.54875,0.7731,0.64683,0.70426,0.4769,1.46783,2.06829,6.31039,0.00753,0,0.00013336,0.00013336,0.00013336
103,9551.52,0.88501,0.91842,1.73781,0.00307,0.34452,0.71193,0.69562,0.70833,0.53866,0.70441,0.67113,0.69067,0.47433,1.51315,2.19122,6.13344,0.00783,0,0.00013072,0.00013072,0.00013072
104,9646.94,0.86015,0.87576,1.62989,0.00296,0.33393,0.77273,0.68347,0.7247,0.55601,0.73706,0.65674,0.68912,0.47331,1.46247,2.15396,6.04256,0.00754,0,0.00012808,0.00012808,0.00012808
105,9752.32,0.86288,0.90982,1.6722,0.00285,0.33227,0.72795,0.67973,0.70104,0.53108,0.71542,0.66791,0.68308,0.46397,1.48541,2.06448,6.25979,0.00755,0,0.00012544,0.00012544,0.00012544
106,9880.83,0.85875,0.88848,1.66006,0.00281,0.33523,0.77209,0.65921,0.70818,0.54466,0.76073,0.65683,0.69059,0.46907,1.42539,2.02544,6.14159,0.00708,0,0.0001228,0.0001228,0.0001228
107,9948.4,0.8471,0.8649,1.6296,0.00289,0.33944,0.77879,0.66261,0.70796,0.54315,0.78429,0.64781,0.69177,0.47714,1.41232,2.02623,6.10702,0.00706,0,0.00012016,0.00012016,0.00012016
108,10063.8,0.8738,0.89592,1.65299,0.00293,0.33557,0.78377,0.66278,0.70951,0.54607,0.77035,0.65471,0.69152,0.46708,1.41096,2.13267,6.48116,0.00706,0,0.00011752,0.00011752,0.00011752
109,10137,0.86356,0.86866,1.69418,0.00286,0.33122,0.74003,0.69877,0.70931,0.54371,0.72854,0.6883,0.68937,0.47792,1.39653,2.1521,6.11161,0.00712,0,0.00011488,0.00011488,0.00011488
110,10225.1,0.8312,0.85366,1.51784,0.00282,0.33372,0.75646,0.66698,0.71389,0.54894,0.74557,0.68257,0.70074,0.47715,1.41397,2.13526,6.1693,0.00737,0,0.00011224,0.00011224,0.00011224
111,10308.3,0.83188,0.86764,1.57464,0.00286,0.32694,0.74937,0.67074,0.71595,0.55611,0.76376,0.65816,0.70348,0.48254,1.41192,2.117,6.30345,0.00706,0,0.0001096,0.0001096,0.0001096
112,10414.9,0.83358,0.83752,1.56291,0.00278,0.32955,0.78838,0.65332,0.71066,0.54748,0.74205,0.67303,0.69595,0.4742,1.40181,2.14437,6.43987,0.00705,0,0.00010696,0.00010696,0.00010696
113,10504.7,0.86653,0.89858,1.69271,0.00299,0.34356,0.80732,0.66183,0.7132,0.54936,0.73314,0.70787,0.6964,0.47952,1.43754,2.03521,6.16596,0.00735,0,0.00010432,0.00010432,0.00010432
114,10591.3,0.8437,0.89493,1.64727,0.00268,0.32462,0.78429,0.64568,0.70848,0.55024,0.77506,0.6477,0.69365,0.47374,1.41843,2.01429,6.1534,0.00735,0,0.00010168,0.00010168,0.00010168
115,10701.5,0.82903,0.84298,1.61266,0.0029,0.32941,0.76125,0.67871,0.70561,0.54517,0.76727,0.65642,0.69473,0.48025,1.39125,1.91711,6.43157,0.00707,0,9.904e-05,9.904e-05,9.904e-05
116,10803.4,0.8188,0.83592,1.55779,0.00278,0.32479,0.77104,0.69473,0.71451,0.54847,0.74767,0.68193,0.69378,0.48016,1.38346,1.94172,6.36338,0.00684,0,9.64e-05,9.64e-05,9.64e-05
117,10894.7,0.8315,0.88003,1.5862,0.00267,0.32911,0.76121,0.68855,0.71225,0.54787,0.74443,0.67897,0.6986,0.48416,1.42058,2.03188,6.26519,0.0072,0,9.376e-05,9.376e-05,9.376e-05
118,10983.4,0.81037,0.83716,1.50876,0.00271,0.32932,0.78883,0.66257,0.71101,0.54543,0.76549,0.65402,0.68934,0.47803,1.42692,2.06092,6.27129,0.0073,0,9.112e-05,9.112e-05,9.112e-05
119,11088,0.82043,0.86097,1.64844,0.00278,0.33756,0.76875,0.68487,0.71519,0.55092,0.75167,0.68327,0.70133,0.47798,1.38386,2.05573,6.34962,0.00702,0,8.848e-05,8.848e-05,8.848e-05
120,11157.5,0.80552,0.82754,1.52043,0.00268,0.33025,0.73842,0.67834,0.71531,0.54246,0.72879,0.68394,0.69868,0.47718,1.43603,2.10988,6.30002,0.00746,0,8.584e-05,8.584e-05,8.584e-05
121,11245,0.82195,0.82888,1.53836,0.00277,0.33444,0.79939,0.63832,0.70854,0.54617,0.71649,0.70177,0.69912,0.47505,1.41469,2.12744,6.21266,0.00733,0,8.32e-05,8.32e-05,8.32e-05
122,11328.4,0.82275,0.84762,1.5237,0.00275,0.32143,0.72375,0.70309,0.71811,0.55143,0.73416,0.68824,0.70124,0.48211,1.41601,2.05822,6.16078,0.0074,0,8.056e-05,8.056e-05,8.056e-05
123,11418.5,0.80196,0.81144,1.51266,0.00267,0.32094,0.76953,0.67816,0.71028,0.5496,0.74795,0.67294,0.69663,0.48257,1.40091,2.0536,6.38742,0.00721,0,7.792e-05,7.792e-05,7.792e-05
124,11499.3,0.81824,0.86843,1.57886,0.00279,0.32824,0.7668,0.67414,0.70703,0.54851,0.74631,0.68433,0.70104,0.47994,1.40567,2.08019,6.37121,0.00733,0,7.528e-05,7.528e-05,7.528e-05
125,11590,0.79602,0.82178,1.49497,0.00261,0.32307,0.78412,0.67483,0.70978,0.55248,0.76063,0.66568,0.68868,0.47636,1.41892,2.10724,6.36849,0.00735,0,7.264e-05,7.264e-05,7.264e-05
126,11659.3,0.79661,0.86123,1.53678,0.00252,0.325,0.76572,0.68112,0.71757,0.55682,0.73866,0.67649,0.68922,0.48392,1.40931,2.10954,6.44011,0.0072,0,7e-05,7e-05,7e-05
127,11744.4,0.77494,0.82581,1.50441,0.00253,0.32021,0.7384,0.69294,0.70494,0.54954,0.72068,0.68952,0.68307,0.47733,1.42518,2.09022,6.54655,0.00741,0,6.736e-05,6.736e-05,6.736e-05
128,11821.7,0.79588,0.83959,1.54396,0.00261,0.3241,0.74487,0.68968,0.70131,0.54859,0.72551,0.67221,0.6809,0.47843,1.4295,2.08993,6.46071,0.0074,0,6.472e-05,6.472e-05,6.472e-05
129,11936.4,0.78422,0.80272,1.47179,0.00267,0.32429,0.77846,0.68294,0.71936,0.56289,0.76829,0.65368,0.69505,0.48215,1.41362,2.07521,6.45904,0.00721,0,6.208e-05,6.208e-05,6.208e-05
130,12013.1,0.79202,0.83572,1.50789,0.00264,0.32859,0.76167,0.69476,0.71775,0.55189,0.76631,0.64666,0.68553,0.47835,1.42695,2.11442,6.6356,0.00729,0,5.944e-05,5.944e-05,5.944e-05
131,12123.4,0.78506,0.84034,1.56355,0.0026,0.32691,0.74611,0.7038,0.70754,0.5506,0.76148,0.64196,0.67578,0.47237,1.42383,2.11743,6.50685,0.00725,0,5.68e-05,5.68e-05,5.68e-05
132,12235.6,0.77564,0.80516,1.48048,0.00262,0.328,0.76863,0.68898,0.71331,0.55354,0.75177,0.64996,0.67673,0.48111,1.42337,2.0854,6.33532,0.00723,0,5.416e-05,5.416e-05,5.416e-05
133,12314.2,0.76925,0.82219,1.49963,0.00251,0.3135,0.79317,0.67848,0.7115,0.54716,0.76185,0.65587,0.67892,0.47839,1.42923,2.10373,6.40933,0.00728,0,5.152e-05,5.152e-05,5.152e-05
134,12386.9,0.76008,0.78102,1.43925,0.00253,0.31897,0.78953,0.67054,0.7065,0.54591,0.76445,0.6553,0.68402,0.4807,1.43996,2.09333,6.33931,0.00755,0,4.888e-05,4.888e-05,4.888e-05
135,12498.1,0.80587,0.83877,1.6001,0.00267,0.32829,0.80626,0.66444,0.71058,0.55049,0.76306,0.64647,0.68523,0.47728,1.42748,2.07762,6.32202,0.00745,0,4.624e-05,4.624e-05,4.624e-05
136,12565.3,0.79083,0.83899,1.54223,0.00258,0.32402,0.79252,0.66395,0.70663,0.54476,0.73029,0.66724,0.6821,0.47609,1.4423,2.06726,6.40112,0.0075,0,4.36e-05,4.36e-05,4.36e-05
137,12663,0.80307,0.8514,1.54846,0.00256,0.32734,0.74247,0.69713,0.70627,0.55021,0.76892,0.6415,0.68811,0.47896,1.42957,2.03513,6.46964,0.00743,0,4.096e-05,4.096e-05,4.096e-05
138,12751.1,0.80662,0.84236,1.52201,0.00258,0.33641,0.79724,0.66492,0.70413,0.54849,0.77541,0.6546,0.68766,0.47869,1.43798,2.03174,6.43499,0.00749,0,3.832e-05,3.832e-05,3.832e-05
139,12859.3,0.76213,0.80452,1.44067,0.00243,0.32796,0.76223,0.68247,0.70812,0.54876,0.74133,0.66724,0.69066,0.48023,1.42963,2.05017,6.36744,0.00737,0,3.568e-05,3.568e-05,3.568e-05
140,12947.1,0.78373,0.86444,1.49386,0.00248,0.33668,0.76259,0.70505,0.71011,0.5555,0.739,0.68954,0.69045,0.48303,1.42206,2.06818,6.30316,0.00728,0,3.304e-05,3.304e-05,3.304e-05
141,13041.7,0.65997,0.70098,1.09986,0.00202,0.30122,0.77042,0.6921,0.70828,0.54587,0.7436,0.6799,0.68638,0.47168,1.41757,2.09071,6.36391,0.00732,0,3.04e-05,3.04e-05,3.04e-05
142,13076.9,0.66611,0.72411,1.12113,0.00203,0.29414,0.77366,0.68769,0.70613,0.54846,0.73414,0.67065,0.68405,0.47392,1.41169,2.10241,6.49422,0.00725,0,2.776e-05,2.776e-05,2.776e-05
143,13144,0.64465,0.67792,1.10077,0.00202,0.29502,0.76161,0.69027,0.7031,0.55104,0.74168,0.68177,0.68526,0.47843,1.40814,2.11277,6.51254,0.00718,0,2.512e-05,2.512e-05,2.512e-05
144,13205.5,0.66059,0.6986,1.09991,0.00204,0.30049,0.74637,0.69423,0.70263,0.54547,0.74776,0.68236,0.68875,0.47943,1.41448,2.10787,6.5013,0.00726,0,2.248e-05,2.248e-05,2.248e-05
145,13279.5,0.65667,0.68706,1.14897,0.00209,0.30023,0.75373,0.69584,0.70251,0.54742,0.73933,0.68474,0.68357,0.47395,1.41046,2.11603,6.53891,0.00723,0,1.984e-05,1.984e-05,1.984e-05
146,13323.9,0.65823,0.69889,1.11525,0.00206,0.29901,0.75259,0.69523,0.70007,0.54727,0.73184,0.68588,0.68157,0.47375,1.41004,2.10225,6.50808,0.00724,0,1.72e-05,1.72e-05,1.72e-05
147,13366.7,0.66977,0.70455,1.16426,0.0021,0.30707,0.74803,0.6968,0.7002,0.54541,0.73347,0.69184,0.68492,0.47812,1.41695,2.09934,6.49368,0.00735,0,1.456e-05,1.456e-05,1.456e-05
148,13404.8,0.65904,0.68621,1.12677,0.00202,0.29208,0.7466,0.69882,0.69876,0.54413,0.73499,0.69041,0.68285,0.47453,1.4181,2.09908,6.56664,0.00729,0,1.192e-05,1.192e-05,1.192e-05
149,13447.6,0.65166,0.69224,1.08207,0.00201,0.2971,0.75432,0.68787,0.69796,0.5484,0.73826,0.68166,0.68004,0.47582,1.41853,2.1046,6.57442,0.00726,0,9.28e-06,9.28e-06,9.28e-06
150,13497,0.64707,0.70809,1.07608,0.00196,0.2924,0.75006,0.68493,0.69755,0.54788,0.73539,0.68464,0.68173,0.47472,1.41809,2.10358,6.58265,0.00727,0,6.64e-06,6.64e-06,6.64e-06
